filename,answer
test_000.png,6n37pbj9
test_001.png,3b7fq7h7
test_002.png,u9de5p5u
test_003.png,3kk3vx3m
test_004.png,hu8ea6t7
test_005.png,3u7eq7t7
test_006.png,3k7fq7h7
test_007.png,3k37p7h9
test_008.png,hu8ea6t7
test_009.png,3kke5p57
test_010.png,u9de5p57
test_011.png,3k77p7h7
test_012.png,3n37p7h9
test_013.png,3kde5p57
test_014.png,3k7fq7h7
test_015.png,3k7fq7h7
test_016.png,3k7fq7h7
test_017.png,ukke5p57
test_018.png,3k7fq7h7
test_019.png,3kk7px3m
test_020.png,3k77p7h7
test_021.png,3kkevp3m
test_022.png,3k37p737
test_023.png,3kkevp57
test_024.png,3k7fq7h7
test_025.png,3k7fq7h7
test_026.png,3b77q7h7
test_027.png,3k7fq7h7
test_028.png,3k77v7h7
test_029.png,3kk3v73m
test_030.png,3k7fq7h7
test_031.png,3k7eq757
test_032.png,3k73v73m
test_033.png,3k7fq75u
test_034.png,3k7fv737
test_035.png,3kk3v73m
test_036.png,3kk3vx3m
test_037.png,3k37p7h9
test_038.png,3k7fq7h7
test_039.png,3b7fq7h7
test_040.png,397eq757
test_041.png,3kkev757
test_042.png,3k37p739
test_043.png,3k77p7h7
test_044.png,3k7fq7h7
test_045.png,3k37p757
test_046.png,3kke5p57
test_047.png,3kk3vx3m
test_048.png,3kk3v73m
test_049.png,3k7fq7h7
test_050.png,3k7fq7h7
test_051.png,6n37p7j9
test_052.png,3k7eq757
test_053.png,3k37pp59
test_054.png,u9de5p5u
test_055.png,3b7fq7h7
test_056.png,u9de5p5u
test_057.png,3k7fq7h7
test_058.png,3k7fq7h7
test_059.png,3b77q7h7
test_060.png,3kke5p57
test_061.png,hu8ea6t7
test_062.png,3k77p7h7
test_063.png,3k7fq7h7
test_064.png,3kkev657
test_065.png,3kk3v73m
test_066.png,397eq6t7
test_067.png,3k7eq7h7
test_068.png,3kk3vx3m
test_069.png,3k7fq7h7
test_070.png,3b77q7h7
test_071.png,3k7fv7hm
test_072.png,3kk3vx3m
test_073.png,3k7fq7h7
test_074.png,3b7fq7h7
test_075.png,3kk7v73m
test_076.png,3kke5p57
test_077.png,3k7e5p5u
test_078.png,3n37p7h7
test_079.png,3kk3vx3m
test_080.png,3k7fq7h7
test_081.png,3k7fq7h7
test_082.png,u9de56t7
test_083.png,3k77p7h7
test_084.png,3kkevx37
test_085.png,3b7fq7h7
test_086.png,3k37p7h9
test_087.png,39de5p57
test_088.png,6k37p7j9
test_089.png,393epp57
test_090.png,3k7ev737
test_091.png,3n37p7j9
test_092.png,3k77p7h7
test_093.png,3k77q7h7
test_094.png,3n77p7h7
test_095.png,3k7fq7h7
test_096.png,u9de5p5u
test_097.png,hu8ea6t7
test_098.png,3k77q7h7
test_099.png,3k7fq7h7
